<?xml version="1.0" encoding="UTF-8"?>
<project-private xmlns="http://www.netbeans.org/ns/project-private/1">
    <editor-bookmarks xmlns="http://www.netbeans.org/ns/editor-bookmarks/2" lastBookmarkId="0"/>
    <open-files xmlns="http://www.netbeans.org/ns/projectui-open-files/2">
        <group>
            <file>file:/C:/Users/acer/OneDrive%20-%20islingtoncollege.edu.np/Documents/NetBeansProjects/FoodieGo/src/com/Foodie/view/foodOrder.java</file>
            <file>file:/C:/Users/acer/OneDrive%20-%20islingtoncollege.edu.np/Documents/NetBeansProjects/FoodieGo/src/com/Foodie/model/food.java</file>
            <file>file:/C:/Users/acer/OneDrive%20-%20islingtoncollege.edu.np/Documents/NetBeansProjects/FoodieGo/src/com/Foodie/Controllers/algorithms/InsertSort.java</file>
            <file>file:/C:/Users/acer/OneDrive%20-%20islingtoncollege.edu.np/Documents/NetBeansProjects/FoodieGo/src/com/Foodie/Controllers/calculateBills.java</file>
            <file>file:/C:/Users/acer/OneDrive%20-%20islingtoncollege.edu.np/Documents/NetBeansProjects/FoodieGo/src/com/Foodie/Controllers/algorithms/MergeSort.java</file>
            <file>file:/C:/Users/acer/OneDrive%20-%20islingtoncollege.edu.np/Documents/NetBeansProjects/FoodieGo/src/com/Foodie/Controllers/algorithms/SelectionSort.java</file>
            <file>file:/C:/Users/acer/OneDrive%20-%20islingtoncollege.edu.np/Documents/NetBeansProjects/FoodieGo/src/com/Foodie/Controllers/algorithms/BinarySearch.java</file>
        </group>
    </open-files>
</project-private>
